<application>
  <component name="FileTypeManager" version="18">
    <ignoreFiles list="*.meta;*.pyc;*.pyo;*.rbc;*.yarb;.DS_Store;.git;.hg;.svn;CVS;__pycache__;_svn;vssver.scc;vssver2.scc" />
    <extensionMap>
      <mapping pattern="assets_configs_44e6f7cf50e3928d7302d9e8c7ace37b" type="AUTO_DETECTED" />
      <hashBang value="*.meta" type="IgnoreLang file" />
      <removed_mapping ext="meta" approved="true" type="GitIgnore file" />
      <removed_mapping ext="meta" approved="true" type="HgIgnore file" />
      <removed_mapping ext="meta" approved="true" type="IgnoreLang file" />
      <removed_mapping ext="meta" approved="true" type="UnityYaml" />
    </extensionMap>
  </component>
</application>