<keymap version="1" name="Visual Studio (Migrated)" parent="Visual Studio">
  <action id="Back">
    <keyboard-shortcut first-keystroke="ctrl minus" />
    <keyboard-shortcut first-keystroke="ctrl subtract" />
    <mouse-shortcut keystroke="button4" />
    <mouse-shortcut keystroke="button2" />
  </action>
  <action id="CollapseRegion">
    <keyboard-shortcut first-keystroke="ctrl m" second-keystroke="s" />
    <keyboard-shortcut first-keystroke="ctrl m" second-keystroke="ctrl s" />
    <keyboard-shortcut first-keystroke="alt e" />
  </action>
  <action id="CollapseSelection">
    <keyboard-shortcut first-keystroke="ctrl m" second-keystroke="h" />
    <keyboard-shortcut first-keystroke="ctrl m" second-keystroke="ctrl h" />
    <keyboard-shortcut first-keystroke="alt f" />
  </action>
  <action id="CommentByLineComment">
    <keyboard-shortcut first-keystroke="ctrl alt slash" />
    <keyboard-shortcut first-keystroke="ctrl alt divide" />
    <keyboard-shortcut first-keystroke="ctrl k" second-keystroke="c" />
    <keyboard-shortcut first-keystroke="ctrl k" second-keystroke="ctrl c" />
    <keyboard-shortcut first-keystroke="ctrl k" second-keystroke="ctrl slash" />
    <keyboard-shortcut first-keystroke="ctrl k" second-keystroke="ctrl u" />
    <keyboard-shortcut first-keystroke="alt q" />
  </action>
  <action id="EditorContextInfo" />
  <action id="EditorDown">
    <keyboard-shortcut first-keystroke="down" />
    <keyboard-shortcut first-keystroke="alt k" />
  </action>
  <action id="EditorLeft">
    <keyboard-shortcut first-keystroke="left" />
    <keyboard-shortcut first-keystroke="alt j" />
  </action>
  <action id="EditorPasteFromX11" />
  <action id="EditorRight">
    <keyboard-shortcut first-keystroke="right" />
    <keyboard-shortcut first-keystroke="alt l" />
  </action>
  <action id="EditorUp">
    <keyboard-shortcut first-keystroke="up" />
    <keyboard-shortcut first-keystroke="alt i" />
  </action>
  <action id="ExpandAllRegions">
    <keyboard-shortcut first-keystroke="ctrl m" second-keystroke="x" />
    <keyboard-shortcut first-keystroke="ctrl m" second-keystroke="ctrl x" />
    <keyboard-shortcut first-keystroke="alt d" />
  </action>
  <action id="FindInPath">
    <keyboard-shortcut first-keystroke="shift ctrl f" />
    <keyboard-shortcut first-keystroke="shift ctrl d" />
  </action>
  <action id="GotoDeclaration">
    <keyboard-shortcut first-keystroke="f12" />
    <mouse-shortcut keystroke="control button1" />
  </action>
  <action id="GotoImplementation">
    <keyboard-shortcut first-keystroke="alt end" />
    <keyboard-shortcut first-keystroke="f4" />
  </action>
  <action id="ReSharperGotoImplementation">
    <keyboard-shortcut first-keystroke="ctrl f12" />
    <mouse-shortcut keystroke="control button3" />
  </action>
  <action id="SwitcherIterateItems" />
  <action id="SwitcherRecentEditedChangedToggleCheckBox" />
  <action id="Tree-selectNext">
    <keyboard-shortcut first-keystroke="alt k" />
  </action>
  <action id="Vcs.ReformatCommitMessage">
    <keyboard-shortcut first-keystroke="ctrl alt enter" />
    <keyboard-shortcut first-keystroke="ctrl k" second-keystroke="f" />
    <keyboard-shortcut first-keystroke="ctrl k" second-keystroke="ctrl f" />
    <keyboard-shortcut first-keystroke="ctrl k" second-keystroke="d" />
    <keyboard-shortcut first-keystroke="ctrl k" second-keystroke="ctrl d" />
    <keyboard-shortcut first-keystroke="ctrl e" second-keystroke="ctrl d" />
  </action>
</keymap>